[
  {
    "region": "East Midlands",
    "cities": [
      "Mansfield",
      "North West Leicestershire",
      "Derbyshire Dales",
      "High Peak",
      "Chesterfield",
      "Derby",
      "South Kesteven",
      "Oadby and Wigston",
      "Broxtowe",
      "Boston",
      "Nottingham",
      "Charnwood",
      "North East Derbyshire",
      "Rutland",
      "Bolsover",
      "Gedling",
      "Ashfield",
      "East Lindsey",
      "Lincoln",
      "South Holland",
      "South Derbyshire",
      "North Kesteven",
      "Amber Valley",
      "Erewash",
      "Bassetlaw",
      "West Lindsey",
      "Blaby",
      "Rushcliffe",
      "Harborough",
      "Melton",
      "Hinckley and Bosworth",
      "Newark and Sherwood",
      "Leicester"
    ]
  },
  {
    "region": "East of England",
    "cities": [
      "North Norfolk",
      "King's Lynn and West Norfolk",
      "Chelmsford",
      "Cambridge",
      "East Cambridgeshire",
      "Braintree",
      "Thurrock",
      "South Norfolk",
      "Three Rivers",
      "Ipswich",
      "Great Yarmouth",
      "Buckinghamshire",
      "Tendring",
      "Broadland",
      "Huntingdonshire",
      "Luton",
      "Rochford",
      "Castle Point",
      "Mid Suffolk",
      "Broxbourne",
      "Colchester",
      "Basildon",
      "North Hertfordshire",
      "South Cambridgeshire",
      "Stevenage",
      "Harlow",
      "Babergh",
      "East Hertfordshire",
      "Fenland",
      "West Suffolk",
      "Watford",
      "Brentwood",
      "Central Bedfordshire",
      "Bedford",
      "St Albans",
      "Breckland",
      "East Suffolk",
      "Peterborough",
      "Hertsmere",
      "Uttlesford",
      "Southend-on-Sea",
      "Dacorum",
      "Welwyn Hatfield",
      "Maldon",
      "Epping Forest",
      "Norwich"
    ]
  },
  {
    "region": "London",
    "cities": [
      "Hammersmith and Fulham",
      "Hounslow",
      "Bromley",
      "Kensington and Chelsea",
      "Southwark",
      "Havering",
      "Merton",
      "Barking and Dagenham",
      "Harrow",
      "Ealing",
      "Barnet",
      "Bexley",
      "Sutton",
      "Westminster",
      "Redbridge",
      "Lewisham",
      "Croydon",
      "Hackney",
      "Hillingdon",
      "Newham",
      "Kingston upon Thames",
      "Wandsworth",
      "Haringey",
      "Waltham Forest",
      "Lambeth",
      "Tower Hamlets",
      "Brent",
      "Richmond upon Thames",
      "Enfield",
      "Camden",
      "Islington",
      "Greenwich"
    ]
  },
  {
    "region": "North East",
    "cities": [
      "Sunderland",
      "Gateshead",
      "Middlesbrough",
      "Newcastle upon Tyne",
      "Northumberland",
      "South Tyneside",
      "Hartlepool",
      "Darlington",
      "Redcar and Cleveland",
      "Stockton-on-Tees",
      "North Tyneside",
      "County Durham"
    ]
  },
  {
    "region": "North West",
    "cities": [
      "Barrow-in-Furness",
      "Preston",
      "Rochdale",
      "Salford",
      "Eden",
      "Fylde",
      "Knowsley",
      "Chorley",
      "Bolton",
      "Wirral",
      "Pendle",
      "Rossendale",
      "Manchester",
      "Trafford",
      "Wigan",
      "Carlisle",
      "Warrington",
      "Oldham",
      "Burnley",
      "Copeland",
      "Blackpool",
      "Blackburn with Darwen",
      "Bury",
      "Lancaster",
      "Allerdale",
      "Liverpool",
      "South Ribble",
      "Ribble Valley",
      "West Lancashire",
      "Cheshire East",
      "St. Helens",
      "Halton",
      "Wyre",
      "Hyndburn",
      "Stockport",
      "South Lakeland",
      "Cheshire West and Chester",
      "Tameside",
      "Sefton"
    ]
  },
  {
    "region": "Northern Ireland",
    "cities": [
      "Lisburn and Castlereagh",
      "Causeway Coast and Glens",
      "Armagh City",
      "Mid Ulster",
      "Fermanagh and Omagh",
      "Belfast",
      "Ards and North Down",
      "Derry City and Strabane",
      "Mid and East Antrim",
      "Antrim and Newtownabbey",
      "Newry"
    ]
  },
  {
    "region": "Scotland",
    "cities": [
      "Orkney Islands",
      "Scottish Borders",
      "Moray",
      "Shetland Islands",
      "West Lothian",
      "Clackmannanshire",
      "Midlothian",
      "Argyll and Bute",
      "North Ayrshire",
      "Na h-Eileanan Siar",
      "East Dunbartonshire",
      "South Ayrshire",
      "East Ayrshire",
      "Highland",
      "Dumfries and Galloway",
      "Aberdeen City",
      "East Lothian",
      "Dundee City",
      "Renfrewshire",
      "Angus",
      "East Renfrewshire",
      "Aberdeenshire",
      "South Lanarkshire",
      "Falkirk",
      "Perth and Kinross",
      "City of Edinburgh",
      "Fife",
      "West Dunbartonshire",
      "Inverclyde",
      "Glasgow City",
      "North Lanarkshire",
      "Stirling"
    ]
  },
  {
    "region": "South East",
    "cities": [
      "Canterbury",
      "Reigate and Banstead",
      "South Oxfordshire",
      "Arun",
      "Lewes",
      "Waverley",
      "Thanet",
      "Southampton",
      "Rother",
      "Sevenoaks",
      "Portsmouth",
      "Mole Valley",
      "Hastings",
      "Ashford",
      "Medway",
      "Isle of Wight",
      "Worthing",
      "Eastleigh",
      "West Oxfordshire",
      "Reading",
      "Oxford",
      "Woking",
      "Adur",
      "Winchester",
      "Horsham",
      "Wokingham",
      "Milton Keynes",
      "Guildford",
      "Dartford",
      "Chichester",
      "Rushmoor",
      "Fareham",
      "Epsom and Ewell",
      "East Hampshire",
      "Swale",
      "Wealden",
      "Havant",
      "New Forest",
      "Surrey Heath",
      "Windsor and Maidenhead",
      "Mid Sussex",
      "Elmbridge",
      "Bracknell Forest",
      "Buckinghamshire",
      "West Berkshire",
      "Tandridge",
      "Cherwell",
      "Folkestone and Hythe",
      "Brighton and Hove",
      "Dover",
      "Runnymede",
      "Gravesham",
      "Tunbridge Wells",
      "Hart",
      "Eastbourne",
      "Tonbridge and Malling",
      "Basingstoke and Deane",
      "Vale of White Horse",
      "Spelthorne",
      "Test Valley",
      "Gosport",
      "Slough",
      "Maidstone",
      "Crawley"
    ]
  },
  {
    "region": "South West",
    "cities": [
      "Cornwall",
      "Torbay",
      "Bristol",
      "Wiltshire",
      "Torridge",
      "Bournemouth",
      "Forest of Dean",
      "Cotswold",
      "Somerset West and Taunton",
      "South Hams",
      "Stroud",
      "South Somerset",
      "North Devon",
      "Exeter",
      "North Somerset",
      "Mendip",
      "Teignbridge",
      "Gloucester",
      "Dorset",
      "Plymouth",
      "East Devon",
      "Sedgemoor",
      "Tewkesbury",
      "Mid Devon",
      "South Gloucestershire",
      "West Devon",
      "Bath and North East Somerset",
      "Swindon",
      "Isles of Scilly",
      "Cheltenham"
    ]
  },
  {
    "region": "Wales",
    "cities": [
      "Newport",
      "Rhondda Cynon Taf",
      "Powys",
      "Conwy",
      "Merthyr Tydfil",
      "Flintshire",
      "Bridgend",
      "Caerphilly",
      "Isle of Anglesey",
      "Denbighshire",
      "Ceredigion",
      "Wrexham",
      "Neath Port Talbot",
      "Torfaen",
      "Gwynedd",
      "Swansea",
      "Monmouthshire",
      "Vale of Glamorgan",
      "Cardiff",
      "Carmarthenshire",
      "Pembrokeshire",
      "Blaenau Gwent"
    ]
  },
  {
    "region": "West Midlands",
    "cities": [
      "Warwick",
      "Bromsgrove",
      "Telford and Wrekin",
      "Coventry",
      "North Warwickshire",
      "Malvern Hills",
      "Staffordshire Moorlands",
      "Lichfield",
      "Shropshire",
      "Redditch",
      "Herefordshire",
      "Wychavon",
      "Walsall",
      "Rugby",
      "Wolverhampton",
      "East Staffordshire",
      "Stafford",
      "Solihull",
      "Newcastle-under-Lyme",
      "Tamworth",
      "Cannock Chase",
      "Stratford-on-Avon",
      "Worcester",
      "Nuneaton and Bedworth",
      "Stoke-on-Trent",
      "Sandwell",
      "Dudley",
      "South Staffordshire",
      "Wyre Forest",
      "Birmingham"
    ]
  },
  {
    "region": "Yorkshire and The Humber",
    "cities": [
      "Bradford",
      "Sheffield",
      "North Lincolnshire",
      "Leeds",
      "Richmondshire",
      "Wakefield",
      "Harrogate",
      "Craven",
      "Barnsley",
      "York",
      "Ryedale",
      "Kirklees",
      "Rotherham",
      "Hambleton",
      "East Riding of Yorkshire",
      "Scarborough",
      "Selby",
      "Hull",
      "North East Lincolnshire",
      "Doncaster",
      "Calderdale"
    ]
  }
]
